Workbook

Sheet 1. Raw Data
A1: 포탈 렌더링 성능 벤치마크 - 원시 데이터 (GPU ms, Avg)
A2: Category | B2: ① Baseline (r.Portal.Enable 0) | C2: ② Portal ON + 최적화 OFF (Enable 1, Culling 0) | D2: ③ Portal ON + 최적화 ON (Enable 1, Culling 1)
A3: [TOTAL] | B3: 30.41 | C3: 60.91 | D3: 34.66
A4: Shadow Projection | B4: 6.73 | C4: 15.41 | D4: 7.7
A5: Shadow Depths | B5: 3.4 | C5: 10.49 | D5: 5.78
A6: LumenScreenProbeGather | B6: 4.9 | C6: 7.2 | D6: 4.51
A7: Basepass | B7: 3.07 | C7: 4.54 | D7: 3.21
A8: [unaccounted] | B8: 1.05 | C8: 3.17 | D8: 2.09
A9: Render Velocities | B9: 2.01 | C9: 2.48 | D9: 1.64
A10: Postprocessing | B10: 1.87 | C10: 2.79 | D10: 1.87
A11: RenderDeferredLighting | B11: 1 | C11: 2.42 | D11: 1.15
A12: Lights | B12: 0.95 | C12: 1.28 | D12: 1.22
A13: LumenReflections | B13: 0.91 | C13: 0.9 | D13: 0.72
A14: LumenSceneLighting | B14: 0.54 | C14: 2.17 | D14: 0.18
... A23: Fog | B23: 0.25 | C23: 0.2 | D23: 0.2
A24: Estimated FPS (= 1000/TOTAL) | B24: =1000/B3 -> 32.88392 | C24: =1000/C3 -> 16.417665 | D24: =1000/D3 -> 28.851702
A26: 측정 조건:
A27: · UE 5.5, Editor, stat gpu
A28: · 카메라 위치·각도 동일, 같은 씬
A29: · 각 시나리오당 수십 프레임 Avg 값
A30: · Baseline은 포탈 액터 비활성 상태

Sheet 2. Comparison
A1: 시나리오 비교 및 최적화 효과 분석
A2: Category | B2: ① Baseline (ms) | C2: ② 최적화 OFF (ms) | D2: ③ 최적화 ON (ms) | E2: ② - ③ 절감 (ms) | F2: 절감률 (%) | G2: ③ vs ① 오버헤드 (ms)
A3: [TOTAL] | B3: 30.41 | C3: 60.91 | D3: 34.66 | E3: =C3-D3 -> 26.25 | F3: =IF(C3=0,0,(C3-D3)/C3) -> 0.43096372 | G3: =D3-B3 -> 4.25
A4: Shadow Projection | B4: 6.73 | C4: 15.41 | D4: 7.7 | E4: =C4-D4 -> 7.71 | F4: =IF(C4=0,0,(C4-D4)/C4) -> 0.50032446 | G4: =D4-B4 -> 0.97
A5: Shadow Depths | B5: 3.4 | C5: 10.49 | D5: 5.78 | E5: =C5-D5 -> 4.71 | F5: =IF(C5=0,0,(C5-D5)/C5) -> 0.44899905 | G5: =D5-B5 -> 2.38
A6: LumenScreenProbeGather | B6: 4.9 | C6: 7.2 | D6: 4.51 | E6: =C6-D6 -> 2.69 | F6: =IF(C6=0,0,(C6-D6)/C6) -> 0.37361111 | G6: =D6-B6 -> -0.39
A7: Basepass | B7: 3.07 | C7: 4.54 | D7: 3.21 | E7: =C7-D7 -> 1.33 | F7: =IF(C7=0,0,(C7-D7)/C7) -> 0.29295154 | G7: =D7-B7 -> 0.14
A8: [unaccounted] | B8: 1.05 | C8: 3.17 | D8: 2.09 | E8: =C8-D8 -> 1.08 | F8: =IF(C8=0,0,(C8-D8)/C8) -> 0.34069401 | G8: =D8-B8 -> 1.04
A9: Render Velocities | B9: 2.01 | C9: 2.48 | D9: 1.64 | E9: =C9-D9 -> 0.84 | F9: =IF(C9=0,0,(C9-D9)/C9) -> 0.33870968 | G9: =D9-B9 -> -0.37
A10: Postprocessing | B10: 1.87 | C10: 2.79 | D10: 1.87 | E10: =C10-D10 -> 0.92 | F10: =IF(C10=0,0,(C10-D10)/C10) -> 0.3297491 | G10: =D10-B10 -> 0
A11: RenderDeferredLighting | B11: 1 | C11: 2.42 | D11: 1.15 | E11: =C11-D11 -> 1.27 | F11: =IF(C11=0,0,(C11-D11)/C11) -> 0.52479339 | G11: =D11-B11 -> 0.15
A12: Lights | B12: 0.95 | C12: 1.28 | D12: 1.22 | E12: =C12-D12 -> 0.06 | F12: =IF(C12=0,0,(C12-D12)/C12) -> 0.046875 | G12: =D12-B12 -> 0.27
A13: LumenReflections | B13: 0.91 | C13: 0.9 | D13: 0.72 | E13: =C13-D13 -> 0.18 | F13: =IF(C13=0,0,(C13-D13)/C13) -> 0.2 | G13: =D13-B13 -> -0.19
A14: LumenSceneLighting | B14: 0.54 | C14: 2.17 | D14: 0.18 | E14: =C14-D14 -> 1.99 | F14: =IF(C14=0,0,(C14-D14)/C14) -> 0.91705069 | G14: =D14-B14 -> -0.36
... A23: Fog | B23: 0.25 | C23: 0.2 | D23: 0.2 | E23: =C23-D23 -> 0 | F23: =IF(C23=0,0,(C23-D23)/C23) -> 0 | G23: =D23-B23 -> -0.05
A26: 핵심 성능 지표
A27: GPU Frame Time 절감 (②→③) | F27: =C3-D3 -> 26.25
A28: GPU Frame Time 절감률 (②→③) | F28: =(C3-D3)/C3 -> 0.43096372
A29: FPS 개선 (②→③) | F29: =(1000/D3)-(1000/C3) -> 12.434037
A30: FPS 개선율 (②→③) | F30: =((1000/D3)-(1000/C3))/(1000/C3) -> 0.75735718
A31: 포탈 오버헤드 감축 (②-① vs ③-①) | F31: =1-(D3-B3)/(C3-B3) -> 0.86065574
A32: 포탈 잔여 오버헤드 (③ vs ①) | F32: =(D3-B3)/B3 -> 0.13975666

Sheet 3. Charts
A1: 시각화 - 성능 비교 차트
A3: 시나리오 | B3: GPU Frame Time (ms) | C3: FPS
A4: ① Baseline (포탈 OFF) | B4: ='1. Raw Data'!B3 -> 30.41 | C4: =1000/B4 -> 32.88392
A5: ② 포탈 ON (최적화 없음) | B5: ='1. Raw Data'!C3 -> 60.91 | C5: =1000/B5 -> 16.417665
A6: ③ 포탈 ON (최적화 적용) | B6: ='1. Raw Data'!D3 -> 34.66 | C6: =1000/B6 -> 28.851702
A22: 항목별 절감 비교 (②→③)
A23: 항목 | B23: ② 최적화 OFF (ms) | C23: ③ 최적화 ON (ms)
A24: [TOTAL] | B24: 60.91 | C24: 34.66
A25: Shadow Projection | B25: 15.41 | C25: 7.7
A26: Shadow Depths | B26: 10.49 | C26: 5.78
A27: LumenScreenProbeGather | B27: 7.2 | C27: 4.51
A28: LumenSceneLighting | B28: 2.17 | C28: 0.18
A29: Basepass | B29: 4.54 | C29: 3.21
A30: RenderDeferredLighting | B30: 2.42 | C30: 1.15
A31: [unaccounted] | B31: 3.17 | C31: 2.09
A32: Postprocessing | B32: 2.79 | C32: 1.87
A33: Render Velocities | B33: 2.48 | C33: 1.64

Sheet 4. Summary
A1: 연구 결과 요약 (논문/발표용)
A3: 연구 기여 (Contribution) | B3: 내용
A4: 1. Portal Frustum Culling 최적화 제안 | B4: 포탈 Frustum 외부 오브젝트를 SceneCapture 렌더링에서 제외함으로써 중복 렌더링 비용을 최소화
A5: 2. UE 5.5 SceneCapture2D Lumen GI 호환성 해결 | B5: 엔진 소스 역추적을 통해 ShowFlag/DynamicGI/ViewState 3조건을 충족시켜 SceneCapture에서 Lumen GI 정상 동작
A6: 3. Light Function Atlas 크래시 대응 | B6: ShaderParameterStruct.cpp의 fatal assertion을 recoverable warning으로 재분류하여 포탈 Post Process 파이프라인 안정화
A8: 정량적 성능 평가 결과
A9: 지표 | B9: 값 | C9: 단위
A10: Baseline GPU Time | B10: ='1. Raw Data'!B3 -> 30.41 | C10: ms
A11: 포탈 ON + 최적화 OFF | B11: ='1. Raw Data'!C3 -> 60.91 | C11: ms
A12: 포탈 ON + 최적화 ON | B12: ='1. Raw Data'!D3 -> 34.66 | C12: ms
A13: GPU 시간 절감 (②→③) | B13: ='1. Raw Data'!C3 - '1. Raw Data'!D3 -> 26.25 | C13: ms
A14: GPU 시간 절감률 (②→③) | B14: =('1. Raw Data'!C3 - '1. Raw Data'!D3)/'1. Raw Data'!C3 -> 0.43096372 | C14: %
A15: 포탈 오버헤드 감축률 | B15: =1 - ('1. Raw Data'!D3 - '1. Raw Data'!B3) / ('1. Raw Data'!C3 - '1. Raw Data'!B3) -> 0.86065574 | C15: %
A16: 최적화 후 포탈 추가 비용 | B16: =('1. Raw Data'!D3 - '1. Raw Data'!B3)/'1. Raw Data'!B3 -> 0.13975666 | C16: %
A17: FPS 개선 (②→③) | B17: =(1000/'1. Raw Data'!D3) - (1000/'1. Raw Data'!C3) -> 12.434037 | C17: FPS
A19: 논문/발표용 한 줄 결론
A20: 제안된 Portal Frustum Culling 최적화는 포탈 기반 이중 씬 렌더링의 GPU 오버헤드를 약 86% 감축하여, 포탈 활성화 시 GPU 프레임타임을 60.91ms → 34.66ms (▼43.1%)로 개선하였다. 이는 기존 렌더링 대비 약 14% 수준의 오버헤드만으로 포탈 기능을 제공함을 의미한다.
